company_id,name,sector,cagr,sfr,margin,investing_score
2,BlackRock,Fintech & payments,,,0.1995891406530353,0.95326394499156
10,Navan,Enterprise / ERP / HRM,,,,
15,Rubrik,Cybersecurity & identity,,,,
17,TransUnion,Fintech & payments,0.12486310123359234,,0.27305587460306735,0.5270448521325868
20,Forge,Fintech & payments,0.11327646184162732,,-0.020873151036305305,0.5037872825970946
21,MetLife,Fintech & payments,0.1347479850507196,,5.8102449888641425,0.5482262159787313
22,Yext,Productivity & collaboration,0.45968770987811025,0.016980945799190444,0.00300361731320943,0.5911857319755927
26,"Fluent, Inc.",Advertising & attention,0.01451575549133155,0.7868769396415226,0.03773424449506454,0.4470690694911614
29,Hinge,Marketplaces & gig platforms,,,,
33,SoFi,Fintech & payments,0.4854597365942446,-1.1827951151985037,-1.2711245942677727,0.5117429726143435
45,BlackLine,Enterprise / ERP / HRM,0.6163850249656075,0.5026493897679374,0.13575176780859532,0.6716412403060077
47,Chime,Fintech & payments,,,,
55,Tempus AI,AI foundation models,,-1.1264289301858363,-0.24257929789240812,0.5624766321613419
62,Coinbase,Fintech & payments,,0.322372665622374,0.03939327986008623,0.6576380680024232
63,Pfizer,GovTech / RegTech / MedTech,0.2484235285591958,2.039561855670103,0.2892710649864097,0.5859744231991201
64,Atlassian,Productivity & collaboration,,0.3991910893047771,0.20593184702849576,0.6728784130567332
70,Zeta Global,Advertising & attention,0.2856583914197346,0.5556465947119531,0.06377053564532162,0.5442516762965659
71,UL Solutions,GovTech / RegTech / MedTech,,,0.12961672473867597,0.9438522753819364
73,Block,Fintech & payments,0.5184021782499884,0.485978951740301,0.04800522365322453,0.6301983991973157
76,MarketAxess,Marketplaces & gig platforms,0.043503482116361125,,0.3748483483423627,0.48857691058049296
84,Clearwater Analytics (CWAN),Enterprise / ERP / HRM,0.22108134757449527,-0.02090749635132432,-0.006127525613127041,0.4986040151622467
85,Squarespace,E-commerce platforms,,0.5375451092866035,0.17305057141407104,0.6779436249325215
87,Mastercard,Fintech & payments,-0.014929158464114911,,0.4721260048362852,0.46234244807006547
90,ServiceNow,Enterprise / ERP / HRM,0.24861786867218005,1.010180995475113,0.24423141232861442,0.5517476869620315
93,Braze,Advertising & attention,0.48751303254195744,-0.12475861368025205,-0.03094082802949146,0.5959573576236072
96,Capital One,Fintech & payments,0.12165142590359856,,3.0827026029167435,0.541089429120519
97,Snap Inc.,Advertising & attention,0.20933640561031552,-0.07945966442316807,-0.03642972050135522,0.49105341347099696
101,Magnite,Advertising & attention,0.6895237763012512,0.4295960993431745,0.06827948840019385,0.6945124910981494
113,Skillsoft,E-learning & skill platforms,0.2934257872912289,-0.016109325118957935,-0.0016014618261054243,0.526534225597227
120,Upstart,AI foundation models,0.3855308618471638,0.1509257193688039,0.028357999661605127,0.568148106722529
128,Qualtrics,Enterprise / ERP / HRM,,-1.0528413102688374,-0.3131975206780815,0.5615976193648119
129,Affirm,Fintech & payments,0.31517216208676224,,-0.2002388121155348,0.6034679562954273
133,Datadog,Developer tooling,0.4522572392573825,0.14500013956251803,0.06512506716016954,0.594897853127565
145,Take-Two Interactive Software,Gaming & virtual environments,0.6285446482426285,,0.19563969413375942,0.7970564014229823
146,SharkNinja,Creative & design tools,,,,
150,Taboola,Advertising & attention,0.10401635484480054,0.46619206634618915,0.044121457124301496,0.47134764827335796
152,Enova,Fintech & payments,0.25141773091078146,,0.42674811429163895,0.604868645952076
155,DraftKings,Marketplaces & gig platforms,,,-0.11445102885284061,0.9110238382163849
158,MongoDB,Developer tooling,0.41340195978997696,-0.10119471083160221,-0.033807059426722,0.5683152346871134
165,CoreWeave,Developer tooling,,,,
166,Camber,Fintech & payments,1.997379681886276,,-2.9415460931417985,0.7988989481284173
182,Morningstar,Fintech & payments,0.13118981150839737,,0.20544210413770983,0.5265948963268563
183,Zscaler,Cybersecurity & identity,0.49732573868922514,0.3322416448615254,0.0862085871341554,0.6188488696485773
187,GoodRx,Marketplaces & gig platforms,0.09520882264688346,0.9175894422825684,0.17133952728705348,0.4873658536635303
207,Arena (arena-ai),AI foundation models,,,-1.2889320123909949,0.7530497732166023
211,Immunovant,GovTech / RegTech / MedTech,,-0.9658846660470173,,0.248050646805308
228,Fox Corporation,Advertising & attention,0.03246190618041833,,0.16924287963360526,0.47070779332105606
241,Charlie Health,GovTech / RegTech / MedTech,,-5.926443963613884,-0.10584615384615384,0.4560906202973452
251,Angi,Marketplaces & gig platforms,0.34764418730370994,3.0192012180508367,0.13225390704846549,0.648400550777489
265,The Trade Desk,Advertising & attention,0.30769467674157225,0.919180464018417,0.19449622839290487,0.5694043084070595
293,Marsh McLennan,Enterprise / ERP / HRM,,,0.15464461646727656,0.9472186626203493
320,Voya Financial,Fintech & payments,0.05281024585957761,,0.6602822580645161,0.5035753902403145
338,Co-Star,Subscription content,0.04574425548272898,,0.046007376997714226,0.47084189087974043
344,BuzzFeed,Advertising & attention,-0.12322528442812142,-0.3262597596854568,-0.018959327109684395,0.3717597826607393
347,Orion Group,Enterprise / ERP / HRM,0.47081285516389504,,0.01201038681858477,0.7005173204384638
363,Imax Corporation,Gaming & virtual environments,0.26624366257685983,3.3942778757593572,0.049178326443465224,0.6258336903684898
370,Teads,Advertising & attention,0.03779915172584514,0.8707578496083516,0.034945635999076616,0.45848508819298295
378,AMC Networks Inc.,Subscription content,0.32724425813745994,,0.1571831110394826,0.6306501283207442
393,Moelis & Company,Fintech & payments,,,,
402,Grainger,E-commerce platforms,0.554376315007385,,0.07764445479962721,0.749837547755074
411,Coupa,Enterprise / ERP / HRM,,0.27970293330942453,0.1476038626996781,0.6626713589150437
421,CDW,Enterprise / ERP / HRM,0.4346993330363742,,0.05534197661345674,0.6833356187138901
422,Caterpillar,Enterprise / ERP / HRM,0.5497639736031967,3.6858092074038917,0.11982903609066642,0.7460345114333145
428,Flywire,Fintech & payments,0.3901389157516044,0.10579552478466665,0.015637965848479818,0.5679684571656084
431,Vivid Seats,Marketplaces & gig platforms,1.296810046087851,,0.1092259432324376,0.9747612591268483
432,Waystar,Fintech & payments,,2.104233726294208,0.10877442506960423,0.756019023860083
435,Boeing,Enterprise / ERP / HRM,-0.09912441426967378,-1.0115487118744448,-0.03194921563761282,0.3496104399137613
449,Dropbox,Productivity & collaboration,0.0741837229174489,0.6991665564228072,0.2455159361692976,0.4754462417567904
456,Motorola Solutions,Enterprise / ERP / HRM,,2.3513119533527695,,0.596978751920184
472,OppFi,Fintech & payments,,,,
482,Sprout Social,Productivity & collaboration,0.32186052683434485,-0.18477765479523406,-0.04472319838630884,0.5303182256658798
486,Fortune Brands Innovations,E-commerce platforms,0.29090498690857114,,0.3639211905766102,0.6227650047120088
494,EDGE,Fintech & payments,,-1.1683407173177611,,0.22675477126817362
527,Ryan Specialty,Fintech & payments,,,0.13579007337951118,0.9446826242706138
538,Constellation Brands,E-commerce platforms,0.029695597608779378,,1.2133650416171224,0.49097938574666394
543,Accelerated Digital Media,Advertising & attention,0.2107155024275691,,-0.09338916577725498,0.5527051269622395
548,G2,Marketplaces & gig platforms,,,,
551,E2open,Enterprise / ERP / HRM,0.20089734008424487,0.12401476478111656,0.022830538273969667,0.4966464347060195
553,Root,Fintech & payments,1.1926460821269824,,-0.5127701375245579,0.9389061814974186
556,Airbnb,Marketplaces & gig platforms,0.3464350062843753,0.7497526120178495,0.13520329262754022,0.5764429276159267
560,CVS Health,GovTech / RegTech / MedTech,0.1346118825912328,,0.050166373613424006,0.519508808299721
564,OneSpan,Cybersecurity & identity,,0.02976161576928679,-0.011675584629911615,0.6388140144904633
568,Tyson Foods,E-commerce platforms,0.07409843077300171,30.23469387755102,0.0726158733760708,0.6414788678229669
576,Humana,GovTech / RegTech / MedTech,0.11149970644752893,,0.03895177520571327,0.5062676833736829
581,Travelzoo,Advertising & attention,0.6101388751050429,4.434981304528459,0.1272317703987986,0.7930046398158851
593,Titan Security Group,Cybersecurity & identity,0.10032453528767626,4.497426761678543,0.0255261302707819,0.5963998596716122
596,Cambium Networks,Enterprise / ERP / HRM,0.20963534984804744,0.06922957016484159,0.010579001589976596,0.4977564069571688
604,Cushman & Wakefield,Enterprise / ERP / HRM,0.4277859260887922,,0.005197692266977187,0.6766776777999498
619,Veradigm LLC,GovTech / RegTech / MedTech,,1.2505940648774108,0.1756949799955488,0.7156234392951438
622,Instructure,E-learning & skill platforms,,0.2957613962459425,0.046528896465126146,0.6567183691809703
636,Nielsen,Advertising & attention,,,0.4686732740943267,0.9894572209853588
639,Huron,Enterprise / ERP / HRM,0.6606474269392555,,0.1179832625946861,0.810073842803732
640,"Hologram, Inc.",Developer tooling,,0.163451755756284,0.11116536417993249,0.6541066771519319
644,Authentic,Advertising & attention,,-3.9964121143902354,-29.776050563717117,0.0
650,Scientific Games,Gaming & virtual environments,0.6053482865429927,2.3378378378378377,0.23604410751206065,0.7293899241056172
655,Littelfuse,Developer tooling,,3.6449052514424625,,0.7330487863739785
656,Perficient,Productivity & collaboration,,,0.4032369525408992,0.9806556806800517
658,Elastic,Search engines,0.5238353176583448,-0.1848219144947693,-0.07147467377578223,0.606281700913661
659,Ares Management Corporation,Fintech & payments,0.2181875560138955,,-0.49453371259072987,0.5336528674924451
680,DoubleVerify,Advertising & attention,0.2810198762617979,0.544633765136716,0.11643799240061661,0.5442599840190698
688,Allstate,Fintech & payments,0.10774044020215223,,0.3942049035431558,0.5246977552155724
704,Federal Home Loan Bank of Chicago,Fintech & payments,,,,
735,Upwork,Marketplaces & gig platforms,0.19789184292125106,0.06109504237073121,0.015724037055095074,0.49322769998968824
738,Duck Creek Technologies,Enterprise / ERP / HRM,,0.38511023154837465,0.147135116116893,0.6681836072443935
752,PayPal,Fintech & payments,0.1552209824380777,,0.22906819716407834,0.5410522774900207
754,CME Group,Fintech & payments,0.5369752514100357,,0.5410208391441208,0.7670664976317032
758,Cboe Global Markets,Fintech & payments,,,,
762,Interactive Brokers,Fintech & payments,0.11328672524702776,,2.0070814365199796,0.5365312024101226
769,Methode Electronics,Enterprise / ERP / HRM,0.38739639029303685,3.3753581661891117,0.34517766497461927,0.6833950495306458
788,iHeartMedia,Advertising & attention,0.4247165990173769,,0.08812871148552728,0.6797856646550778
791,Workday,Enterprise / ERP / HRM,0.6006056446933659,0.4601373070782331,0.22744179639068743,0.6679804315220463
801,Spectrum,Smartphones & OS,0.2614317466235754,10.872659176029963,0.09267358339984039,0.713747499568754
813,Cloudflare,Developer tooling,0.40288031239274513,-0.05742148084330362,-0.01756386370138253,0.5663384577043178
832,TaskUs,Enterprise / ERP / HRM,0.20112086484484615,,0.059429339155894934,0.5562859139306685
835,Journal Technologies Inc,GovTech / RegTech / MedTech,,,,
859,Southwest Airlines,Marketplaces & gig platforms,0.32016400253044996,,0.13790343121202198,0.6256804613241413
891,Octave,GovTech / RegTech / MedTech,-0.3485683248787572,,-3.019569471624266,0.2229727048029514
894,iRobot,E-commerce platforms,0.13343449718583322,0.5097455005724282,0.17351051083759939,0.4891647960279623
898,Serve Robotics,Marketplaces & gig platforms,,-0.6584571428571429,-55.96634063850506,0.14019411220755335
906,Everbridge,Enterprise / ERP / HRM,,0.1454998175875124,0.032296271848607935,0.6478583556591252
926,Interface AI,AI assistants & copilots,0.0241903786769484,5.595548780487805,0.07779679595921575,0.604119956141969
937,Zevia,E-commerce platforms,0.08954305835004583,,-0.10703923161224169,0.4858870366376077
939,Faraday Future,Smartphones & OS,,-1.1325915283560397,-502.3472866419295,0.11525757215828263
945,Mattel,Gaming & virtual environments,0.040567620426980255,1.4617269801638262,0.05256898879365086,0.4789010615777616
975,SS&C Technologies,Enterprise / ERP / HRM,0.0594997757787854,2.648558014755198,0.22424758659852356,0.5305023308382175
999,Netflix,Subscription content,0.5565182328420395,0.14672851580748333,0.011642100118502648,0.6325651693444637
1026,Nike,E-commerce platforms,0.08251487385466705,,0.12997637503172774,0.49571993364447625
1067,Recharge,Fintech & payments,,,,
1070,Xos Trucks,Productivity & collaboration,1.1455036926403528,-2.8975846670360834,-2.443781614251155,0.592772771703775
1074,Macerich,Marketplaces & gig platforms,0.47375434213461554,,0.36757626845450464,0.7226169028108427
1102,Warp,Developer tooling,,-9.254416954536207,-0.4020430740342442,0.4361705738349629
1110,PVH Corp.,E-commerce platforms,-0.01791701843143023,,0.08603289938439802,0.43845784799129367
1112,a.k.a. Brands,E-commerce platforms,0.2772870999611692,,0.018200631182266967,0.5954150027930977
1124,Dine Brands Global,E-commerce platforms,0.42675641584350754,,0.17315969010240279,0.6857988606101856
1136,Dave Inc.,Fintech & payments,,,-0.008152566761856994,0.9253215581412751
1141,The Honest Company,E-commerce platforms,0.05925737704771117,-4.3717352148924755,-0.08676854036483933,0.3293862499261849
1143,Oscar Health,GovTech / RegTech / MedTech,,,-2.540475756859994,0.5847103487303867
1148,Rexford Industrial,Enterprise / ERP / HRM,0.09824182696350969,,298.1068376068376,0.5283326953712294
1172,Cardlytics,Advertising & attention,0.08143016940350489,-0.7501752609440723,-0.10163623911135843,0.4184664248134859
1192,Arrowhead Pharmaceuticals,GovTech / RegTech / MedTech,-0.17412199354038305,0.10797102905241054,-0.3938683802640289,0.37033430649235044
1197,Kaiser Aluminum,Enterprise / ERP / HRM,0.26721036178479696,16.505494505494507,0.0603576533737857,0.7146477820840715
1205,Eve,Enterprise / ERP / HRM,,-0.14099127683958287,,0.3348192409654026
1207,Opendoor,E-commerce platforms,1.1331181875083551,-2.029850746268657,-0.03391098366787184,0.7173974410768755
1208,Toast,Enterprise / ERP / HRM,0.5668248840383305,-0.44385342789598103,-0.03861119641865794,0.6158323154840433
1214,Zynga,Gaming & virtual environments,,0.35854005156915975,0.08950678386990488,0.6629105182070907
1218,Klaviyo,Productivity & collaboration,,-0.09274758586063073,-0.028847204789576093,0.6312159491559991
1221,Udemy,E-learning & skill platforms,0.16303302158252797,-0.15397491590382584,-0.02082822253017288,0.4716688667679963
1228,Proto,Enterprise / ERP / HRM,,2.623177595443141,,0.6255756589547743
1253,Ouster,Developer tooling,0.5570087917082762,-1.1621793574134591,-1.1968253022812556,0.5426843871885727
1283,Myriad AI,GovTech / RegTech / MedTech,0.292859288763166,0.7107728337236534,0.0894752358490566,0.5529309318386317
1288,Federal Home Loan Bank of San Francisco,Fintech & payments,,,,
1295,Mirum Pharmaceuticals,GovTech / RegTech / MedTech,,-1.0101196092156923,-1.217531557336327,0.5030255995414408
1299,Clearway Energy Group,Enterprise / ERP / HRM,0.03104981237857185,,0.47293447293447294,0.4874446498794324
1308,E.L.F. Beauty,E-commerce platforms,0.4152822484161034,,0.10878671897779238,0.6758353817709859
1312,First Solar,Enterprise / ERP / HRM,0.116038308304516,1.5597378977985255,0.059588961670013825,0.5110658777952846
1326,Saga,Developer tooling,,,0.35068128824447975,0.9735866586660401
1330,Twist Bioscience,GovTech / RegTech / MedTech,0.36519870414638844,-1.273120801482511,-0.6645130088488888,0.4874961954886743
1347,Backblaze,Productivity & collaboration,0.241146984217516,-0.03413534567488438,-0.008126428575228661,0.5057600760362085
1382,Figure,Fintech & payments,,,,
1423,Prosper Marketplace,Fintech & payments,,,-0.31320469603626644,0.8842903915461864
1456,Ultragenyx,GovTech / RegTech / MedTech,0.5726855903248966,-0.5450787965616046,-0.7804032258064516,0.5849410991100427
1460,Energy Recovery,Enterprise / ERP / HRM,0.05057990750088459,0.7779625523527962,0.08714159560670033,0.4625382904094347
1484,SoundHound,AI assistants & copilots,,-1.076397966569262,-1.2763643298820495,0.4955831037655467
1500,Quince,E-commerce platforms,,-0.9839698762775686,,0.24614830610610272
1531,Universal Electronics,Smartphones & OS,0.26081473372247754,1.2877785237044852,0.09580765690665158,0.5591710538159992
1536,Stitch Fix,Marketplaces & gig platforms,-0.059818190761047996,,0.037403307923158415,0.4128211281000443
1544,Dragonfly,Fintech & payments,,-4.079424047845282,-0.25348816100525506,0.44616129476438193
1553,"Berkeley Lights, Inc.",Developer tooling,,-0.28651566469093986,-0.45616133341815635,0.5922869106241478
1555,iRhythm Technologies,GovTech / RegTech / MedTech,0.6554152086518976,-0.5960136352553137,-0.06772399907070394,0.6436491957073752
1559,SunPower Corporation,Enterprise / ERP / HRM,,-11.927375724015022,-0.954470689557802,0.3990183179595665
1602,Remitly,Fintech & payments,0.48925442606046143,-0.24316060609902612,-0.05272032661944076,0.5920064549697357
1603,System1,Advertising & attention,,,-0.013481306269370845,0.9246048137638643
1605,CrowdStrike,Cybersecurity & identity,0.5872417299221562,0.9448027825446608,0.2456375543023738,0.6789111711745578
1611,Chewy,E-commerce platforms,0.2314983101731274,,0.014804168027613779,0.570267252043817
1619,BlackSky,Enterprise / ERP / HRM,0.48251272027796466,-69.1384136858476,-0.4704736908944673,0.47535608096250204
1638,Rover,Marketplaces & gig platforms,,-1.0884554420570622,-0.22506987627120187,0.5656513591896372
1653,Expeditors,Marketplaces & gig platforms,0.3523675474483421,,0.09338534705503483,0.6406630799334874
1656,Salesforce,Enterprise / ERP / HRM,0.6372488081404135,0.9699888017917133,0.16348331571795258,0.695466352176169
1663,HomeStreet Bank,Fintech & payments,,,0.16672553867891204,0.9488436122086934
1664,Sinclair Broadcast Group,Advertising & attention,,,0.6205962059620597,1.0
1708,Trupanion,Fintech & payments,0.7325567069436003,,0.023114746827927683,0.84379108696389
1724,Lyft,Marketplaces & gig platforms,0.24845018473806668,-0.3087283830844129,-0.044223929994665956,0.49842418842929365
1728,Adaptive Biotechnologies Corp.,GovTech / RegTech / MedTech,0.35077150320212236,-1.2895702667309945,-0.9926446780495176,0.46823313328990496
1731,ImmunityBio,GovTech / RegTech / MedTech,3.2085910738316654,-0.7762326621010625,-441.1881028938907,0.4803999084219002
1741,Porch Group,Enterprise / ERP / HRM,0.44277418170444105,,-0.1524426683572984,0.6757581108410088
1743,"Immunome, Inc.",GovTech / RegTech / MedTech,,-0.8599574769666903,-1.4418649231764193,0.495836172710693
1808,CoStar Group,Marketplaces & gig platforms,0.5752055050599547,,0.2227391862170088,0.7695521360288237
1824,Snowflake,Developer tooling,0.8043993587781677,-0.2178775630250713,-0.08339311864250923,0.7117802754607279
1828,Coupang,E-commerce platforms,0.26109130973360584,,-0.0011026861077433926,0.5854765900258968
1830,Sonos,Smartphones & OS,0.4537987223851976,0.5243265327410704,0.24084308311737357,0.6145465030413979
1831,Okta,Cybersecurity & identity,0.40179440254838417,0.11855650319829425,0.042771538461538465,0.5739120764098602
1840,"Sana Biotechnology, Inc.",GovTech / RegTech / MedTech,,-0.720784525906764,,0.2738321536844521
1854,Pinterest,Advertising & attention,0.21148155050811912,0.030375771881388437,0.01028554464574352,0.49722272648488863
1857,Rockwell Automation,Enterprise / ERP / HRM,0.5146861838230505,2.541392606033114,0.14438688727385188,0.6975313081723523
1862,DoorDash,Marketplaces & gig platforms,0.3883369073420937,0.3039806996381182,0.03422868867748555,0.5742852272158168
1866,RealNetworks,AI assistants & copilots,,-0.7515498257614365,-0.27779264380275537,0.5798247644590248
1870,Cloudera,Enterprise / ERP / HRM,,-0.010098921325409252,-0.08010657772986134,0.6321154265107264
1892,Duolingo,E-learning & skill platforms,0.4665742787019824,0.14412400517777885,0.059269407285879226,0.6000952295421332
1893,Robinhood,Fintech & payments,0.3248018475596335,0.17054488689144454,0.2027730091961169,0.5526397452122835
1901,Expedia Group,Marketplaces & gig platforms,0.9640920410206733,,0.29192304696627464,0.9852928670255291
1904,Digital Turbine,Advertising & attention,0.5745166416314589,0.8534103265160018,0.06813432171244888,0.6640105682906661
1914,Zillow,E-commerce platforms,0.08323190635604738,0.011882716049382716,0.0023706896551724138,0.4473982811611043
1920,Best Buy,E-commerce platforms,0.048188769856411406,,0.060803135458336544,0.473026899018637
1928,Brightcove,Subscription content,,0.30561810651408816,0.07236638555388891,0.6589744124963651
1929,F5,Cybersecurity & identity,0.4629399472057716,1.2162990827579099,0.2451543022688619,0.6400435248196168
1932,Nordstrom,E-commerce platforms,-0.01365985172403883,,0.0643844007350439,0.43952979982970425
1942,Monolithic Power Systems,Developer tooling,0.2714865208425965,,0.16750626441763417,0.6008608087621294
1945,QVC Group,E-commerce platforms,,,,
1954,Impinj,Developer tooling,0.27409713303802086,0.006485950480122231,0.0017509499108135497,0.5200095080392815
1963,Redfin,Marketplaces & gig platforms,0.04159542724144827,-0.43538915975657494,-0.041420031531678954,0.41563455935896454
1965,NVIDIA,AI foundation models,0.7158493751318502,0.9538735983690112,0.3384112357880657,0.7319990386758866
1973,GoDaddy,E-commerce platforms,0.0836237151346424,,0.18958513509971958,0.49976033905840217
1974,springbig,Marketplaces & gig platforms,,-1.243021124719821,-0.21890753844886118,0.5579365929380792
1979,Stryker,GovTech / RegTech / MedTech,0.10853815942711909,2.253782668500688,0.5611349957007739,0.5497764392824838
1984,Meta,Advertising & attention,0.17614730752841656,1.4728858243763943,0.33228138479877195,0.5422576226924514
2021,Dynatrace,Enterprise / ERP / HRM,0.27237539698710944,0.9962860807672639,0.19027215523119817,0.5581943041903388
2023,Rapid7,Cybersecurity & identity,0.19673432075433595,0.05587281703632746,0.014741692305449031,0.4925817238339604
2047,Definitive Healthcare,GovTech / RegTech / MedTech,0.20830158238994945,0.819860437498708,0.12267389470766231,0.5254579740879419
2048,CarGurus,Marketplaces & gig platforms,-0.21421421061856039,0.7187399455965369,0.0947067584673436,0.4093227120920504
2061,Onto Innovation,Developer tooling,0.15411499007787333,0.9626455579569602,0.11862194722458053,0.5091304823560534
2086,Semrush,Productivity & collaboration,0.31799320227999517,0.10955787294500338,0.016492046873177367,0.5406012877604705
2090,Kymera Therapeutics,GovTech / RegTech / MedTech,0.08445719409269814,0.1306772152360656,0.24583974077328646,0.46143876022308744
2093,Dianthus Therapeutics,GovTech / RegTech / MedTech,,-1.1281833448582437,-8.099286440323016,0.11548941538184816
2099,Keros Therapeutics,GovTech / RegTech / MedTech,,-0.47247489663319553,-19.735774647887325,0.14997562958587385
2101,Intellia Therapeutics,GovTech / RegTech / MedTech,0.7211661765776975,-0.5172283017176585,-5.758539661696356,0.44158274306640105
2114,Ironwood Pharmaceuticals,GovTech / RegTech / MedTech,-0.061429255194276666,2.256062368092346,1.574977378520322,0.4850134212640016
2116,Vicarious Surgical,GovTech / RegTech / MedTech,,-0.758496583143508,,0.2698653111419736
2121,Scholar Rock,GovTech / RegTech / MedTech,,-0.8521914071993735,-3.819751152351399,0.3363253199138847
2122,BeiGene,GovTech / RegTech / MedTech,1.4838741749915418,-0.7301964360612934,-0.6378303520496343,0.7340405849218126
2126,Centessa Pharmaceuticals,GovTech / RegTech / MedTech,,-1.32978066564793,-29.263971983073105,0.10488664153238776
2129,Bright Horizons,E-learning & skill platforms,0.6336884130978546,,0.10372350824330966,0.7945608988708067
2131,Mimecast,Cybersecurity & identity,,0.6269121539497253,0.12040150537808149,0.6791029869530495
2142,Entegris,Developer tooling,0.5819004486824226,1.9505925919456406,0.49299327457770675,0.7185939163959868
2145,Vertex Pharmaceuticals,GovTech / RegTech / MedTech,0.6130387064819731,1.618431397509367,0.3643051496523229,0.714797215655256
2146,Fractyl Health,GovTech / RegTech / MedTech,,-0.6076684026053271,-460.4623655913978,0.1428652862334759
2150,Beam Therapeutics,GovTech / RegTech / MedTech,6.172513813240109,-0.18601244681428206,-1.3888395957102075,0.7209085693659695
2157,LPL Financial,Fintech & payments,0.20513329636415722,,0.09184479395871907,0.5603410272158598
2159,Relay Therapeutics,GovTech / RegTech / MedTech,-0.41012497877917087,-0.6622438965772767,-21.833278309673158,0.08399697141111141
2170,Aura,Cybersecurity & identity,-0.48910603861446433,-3.2249423408023983,-12.89739663548637,0.0031277060596253746
2189,Bicycle Therapeutics,GovTech / RegTech / MedTech,0.7400350230853765,-0.4978492882994346,-2.4411339475549254,0.5832546134553422
2201,"Nuvalent, Inc.",GovTech / RegTech / MedTech,,-0.4970653626946341,,0.2973646459223161
2240,Lantheus,GovTech / RegTech / MedTech,,1.1990392741182228,,0.475773900754714
2243,Acadian Asset Management,Fintech & payments,-0.07742120842893385,,0.21692233940556088,0.41357701700070737
2247,Akoya,Fintech & payments,0.17778706207813655,-1.84799307560937,-0.5177060880415878,0.4037901068213583
2248,Citizens,Fintech & payments,-0.30812121492249633,,0.3467947509487472,0.41702738499063363
2261,SES AI,Developer tooling,,-0.5878055759890328,-27.652941176470588,0.1439099482250076
2265,Symbotic,AI foundation models,0.5735490236564422,-0.45037871296780363,-0.13800711763216503,0.6141805725849083
2276,Cerence Inc.,Enterprise / ERP / HRM,0.37168176001217335,0.6031556842045519,0.22746666942161567,0.5851703552138084
2277,"KalVista Pharmaceuticals, Inc.",GovTech / RegTech / MedTech,,-0.6387048042527114,2.7609832635983262,0.6412329632121222
2285,"The TJX Companies, Inc.",E-commerce platforms,,,,
2300,"CIRCOR International, Inc.",Enterprise / ERP / HRM,,1.924736842105263,0.019281186607563002,0.7405599333851223
2301,Xenon Pharmaceuticals Inc.,GovTech / RegTech / MedTech,,-0.45500014182117293,,0.3017893875022322
2303,Forrester,Enterprise / ERP / HRM,-0.009324824784935792,,0.09116239276712836,0.4434357344094163
2320,Sentinel Group,Enterprise / ERP / HRM,,,8.193532086912581,1.0
2326,Prime Medicine,GovTech / RegTech / MedTech,-0.13013094274044024,-0.8912950880632838,-55.45155883338921,0.07676896468831622
2352,Foghorn Therapeutics,GovTech / RegTech / MedTech,1.6925861264011144,-0.47577117536783503,-5.22546677285196,0.5569507059200329
2354,ZoomInfo,Enterprise / ERP / HRM,0.2636713841145737,0.8521400778210116,0.15446265938069217,0.5488804279929509
2358,Guidewire Software,Enterprise / ERP / HRM,0.07205157278744845,0.49324259477380794,0.1391386316258396,0.46384222750889986
2366,"Praxis Precision Medicines, Inc.",GovTech / RegTech / MedTech,,-0.7430629669156884,-44.307077397305996,0.13574436845438195
2371,Blueprint Medicines,GovTech / RegTech / MedTech,,-0.5354249525790858,,0.2933296909446436
2374,Revvity,GovTech / RegTech / MedTech,0.4355365629626544,3.4535469712056246,0.24675266222532927,0.700254109339759
2394,Victory Capital,Fintech & payments,0.45312480617108,,0.3751758579124029,0.7118132052457374
2402,SailPoint,Cybersecurity & identity,,,,
2415,SciPlay,Gaming & virtual environments,,2.3425692695214106,0.1534400263982841,0.7715578841522666
2421,"Riot Platforms, Inc.",Developer tooling,1.362985615616533,,-0.07228842212874514,0.964297830397585
2446,Heartflow,GovTech / RegTech / MedTech,,,,
2454,Ambiq Micro,Developer tooling,,,,
2457,Natera,GovTech / RegTech / MedTech,0.4433417975535041,-0.705563052931474,-0.2225153677906713,0.5530496295095417
2465,MNTN,Advertising & attention,,,,
2469,Leidos,GovTech / RegTech / MedTech,0.07016177625638087,9.100917431192661,0.06997084548104957,0.6398704792421555
2477,Adobe,Creative & design tools,0.18166191057008807,,0.4451891400658866,0.5679192229234428
2482,DISCO,Enterprise / ERP / HRM,0.2061158729671433,-0.5778028378744658,-0.18745066198206253,0.46800512001769934
2499,Ethos,Fintech & payments,,,,
2509,The Zebra,Marketplaces & gig platforms,0.08199212153943769,1.768018018018018,0.18610715979137032,0.5097565461951391
2522,Accenture,Enterprise / ERP / HRM,0.1074067443457114,6.922369462366086,0.5216697542933293,0.672304552840247
2532,YETI,E-commerce platforms,0.5786866849143204,9.452903225806452,0.22970282506133943,0.8402954035968482
2536,Veracyte,GovTech / RegTech / MedTech,0.8954321337092155,-0.23916951949363346,-0.03274813176140502,0.7478769147257065
2547,agilon health,GovTech / RegTech / MedTech,0.49343439548480084,,-0.028301321274151657,0.71052083688535
2551,Richtech Robotics,Productivity & collaboration,,-1.3849964458581558,-0.492554073761328,0.5320660960972855
2557,"Visa Inc,",Fintech & payments,0.13242444082545224,,0.524661804821021,0.5456691682408883
2558,Volcon ePowersports,Smartphones & OS,,,-6.368290417387804,0.0698485072319564
2588,Core Scientific,Fintech & payments,0.7057688464620222,-0.5626475697502389,-0.02027589109827859,0.6658243712666847
2598,Procore Technologies,Enterprise / ERP / HRM,0.3023917588398224,0.060463278021155024,0.020645026577940456,0.5332683718038534
2606,Sprinklr,Enterprise / ERP / HRM,0.22589268104482296,0.09537165070834094,0.011826461120367525,0.5048331349435767
2617,Embark,Enterprise / ERP / HRM,,-0.5827473585258616,,0.28835195844005873
2623,SolarWinds,Enterprise / ERP / HRM,0.026846011401171932,2.193168570199107,0.2742253184950797,0.5056926617602824
2628,Hippo Insurance,Fintech & payments,0.6387114646249206,,-0.743626546695781,0.7484524919811862
2634,Flex,Enterprise / ERP / HRM,,,,
2659,CDK Global,Enterprise / ERP / HRM,,,1.1489422750920797,1.0
2660,eBay,Marketplaces & gig platforms,0.4272650574210537,1.818796992481203,0.26275712025316456,0.6461580555133002
2667,TrueCar,Marketplaces & gig platforms,-0.1090481785837677,,0.08911001227222816,0.40217310118562755
2684,Gartner,Enterprise / ERP / HRM,0.11196697799470878,,0.16495679389084353,0.5137858987784261
2688,Vital Farms,E-commerce platforms,0.8305802854797879,,0.031796713161165585,0.8977081395578685
2712,Asure Software,Enterprise / ERP / HRM,,1.126042110481288,0.018116323096339926,0.6984751836389952
2749,Dell Technologies,Enterprise / ERP / HRM,0.06372698471032856,3.7860635696821516,0.10185084538079192,0.56307137362467
2759,Zendesk,Productivity & collaboration,,0.2806889725095286,0.07152231331438424,0.6576065278816539
2771,Microchip Technology Inc.,Developer tooling,0.5489061330504097,1.7137619601180363,0.3079582230067667,0.6910681000348883
2774,Confluent,Developer tooling,0.42064576170010737,-0.34213801663351195,-0.15165576624945187,0.5587197557793651
2775,Firefly Aerospace,Enterprise / ERP / HRM,,,,
2783,Upland Software,Productivity & collaboration,-0.014881044673697108,0.6329357120236462,0.10909626847747768,0.4338772659333363
2800,Box,Productivity & collaboration,,0.3378381679389313,,0.3851861832993804
2801,GitLab,Developer tooling,0.6346105484461364,-0.47123470152360336,-0.17340032427133215,0.6353864985183941
2805,Samsara,Enterprise / ERP / HRM,,-4.862308938151635,-2.0650687476774436,0.3243275855079051
2809,Micron Technology,Developer tooling,0.4269854186437245,4.425947521865889,0.6045557723706743,0.7397952799606278
2816,Cencora,GovTech / RegTech / MedTech,0.5630811231591202,,0.010171077188296566,0.7506915961206937
2821,Comcast,Subscription content,0.0696794103871956,,0.2358778065392594,0.4948301345806442
2823,GRAIL,GovTech / RegTech / MedTech,,-1.7031367575308882,-10.104644464446444,0.0852504172410782
2836,Doximity,Productivity & collaboration,0.4216502551740837,1.0347566906941361,0.19800167998243653,0.6166618662712667
2843,Globe Life,Fintech & payments,0.472525833297069,,1.015532344275693,0.7322935333007551
2851,PagerDuty,Enterprise / ERP / HRM,0.26849018697229554,-0.043078221923316326,-0.013979600602741126,0.515671894303712
2864,Pluralsight,E-learning & skill platforms,,,-0.05615826419910657,0.9188645313578647
2871,DigitalOcean,Developer tooling,-0.10430058341041004,2.4234009386100577,0.4186770090040891,0.47618822239926295
2884,EchoStar,Advertising & attention,0.8031720789671806,26.64207471889735,0.2830584345521257,0.928079513810667
2886,Ibotta,Marketplaces & gig platforms,,-0.892968342526592,-0.15384175529742358,0.580723057519184
2913,Bandwidth Inc.,Developer tooling,0.2153091625112762,0.2942500442563666,0.04663541250549442,0.5084764594860585
2944,Capital City Bank Group,Fintech & payments,,,,
2954,IQVIA,GovTech / RegTech / MedTech,0.47011992188644536,,0.14670561506004545,0.707904247156462
2963,WESCO International,Marketplaces & gig platforms,0.5161796932396034,,0.012316014820913957,0.7252569627430445
2964,Zumiez,E-commerce platforms,-0.04077912367117276,,0.10707089876162366,0.4272122025966398
2988,Smith,E-commerce platforms,,5.997860553756078,0.16679779255030386,0.9647019737539031
2998,Acadia Pharmaceuticals Inc.,GovTech / RegTech / MedTech,0.21345311163986436,-0.37659130194288876,-0.2632575135093333,0.4740945084939739
3054,MARA,AI foundation models,1.1695114061360417,-13.340237357321037,-0.32867120747326645,0.6646630185510644
3055,Rapid Micro Biosystems,GovTech / RegTech / MedTech,0.14930642380216508,-3.7205179725432007,-2.1035009521562396,0.28235749288064177
3110,LivaNova,GovTech / RegTech / MedTech,0.46846560786666047,0.3830993786778001,0.05578341791410338,0.6082171986993077
3147,CarMax,E-commerce platforms,0.06900057479152277,,-0.0039640748031496064,0.48063448357426963
3174,HubSpot,Productivity & collaboration,0.7968396455787514,0.38645071995726393,0.1039655678327624,0.7355271723347532
3178,Labcorp,GovTech / RegTech / MedTech,0.011502161363711405,,0.15880874434107276,0.4586845957011536
3192,Revolution Medicines,GovTech / RegTech / MedTech,,-0.3478248539504282,-2.258228909630549,0.46786849246867457
3197,Lamar Advertising Company,Advertising & attention,0.506473891492456,,0.35295101658777184,0.7396038886023388
3200,FMC Corporation,GovTech / RegTech / MedTech,0.015289733460505328,2.1005728835136854,0.45425400739827376,0.5056269332017653
3216,I&M Bank,Fintech & payments,,,0.36663338435814324,0.9757323021491309
3231,StandardAero,Enterprise / ERP / HRM,,,0.005205301116387295,0.9271182638504637
3249,Recursion,GovTech / RegTech / MedTech,0.9630786643322828,-0.35663714426325654,-2.488948486548038,0.6708625112885283
3258,Ozone,Advertising & attention,-0.25430018876276583,-2.5096970707485595,-0.16782286482244224,0.2968517070362712
3275,Alignment Healthcare,GovTech / RegTech / MedTech,0.10688833828366429,,-0.013196660927010112,0.5007486766240095
3299,First American Title,Fintech & payments,,,0.2162198036380242,0.9555008594007364
3308,Unisys,Enterprise / ERP / HRM,0.03628899886704895,2.7781954887218046,0.04304520037278658,0.5184275259013975
3316,Zoetis Inc.,GovTech / RegTech / MedTech,0.08515810622709696,4.143518518518518,0.2590121722846442,0.588868055513958
3319,Oshkosh Corporation,Enterprise / ERP / HRM,,5.302469135802469,,0.9074040301645142
3349,Aspen Technology,Enterprise / ERP / HRM,,,,
3473,"TTM Technologies, Inc.",Developer tooling,0.037863542703843844,12.695862365608235,0.11509847914627626,0.6293711230568935
3474,Navient,Enterprise / ERP / HRM,-0.04006830468700673,,2.5438144329896906,0.45296252227213646
3497,Septerna,GovTech / RegTech / MedTech,,-0.5926657177403309,-36.02139534883721,0.14365433478895856
3551,Mesa Laboratories,GovTech / RegTech / MedTech,0.1641937693919624,2.032279792746114,0.18143089084912598,0.5492632207205989
3568,Velo3D,Developer tooling,,-1.219124194873125,-1.8153074534663565,0.4518311985373653
3576,Fuse,Advertising & attention,,,-0.00022145960901981296,0.9263883350873847
3594,Church & Dwight,E-commerce platforms,0.4735543758875247,8.119281045751634,0.16936212273556128,0.7977572903678386
3599,Gray Media,Advertising & attention,0.464580665937923,,0.17736670293797607,0.7066531710571593
3603,A.Team,Marketplaces & gig platforms,-0.08800213827934111,,-0.01273569321191957,0.39630218689961805
3612,Cohen & Steers,Fintech & payments,,,0.7704667501538853,1.0
3620,Federal Home Loan Bank Of Pittsburgh,Fintech & payments,,,,
3623,Clubhouse,Advertising & attention,,,-0.8763178413591552,0.80854861805788
3633,Unit,Fintech & payments,,,0.791252288789371,1.0
3638,AND Global,Fintech & payments,,,,
3643,The Scotts Miracle-Gro Company,E-commerce platforms,0.41336893207446934,7.605042016806722,0.07645087714358123,0.771050118886832
3651,Match Group,Marketplaces & gig platforms,0.09829280575083255,1.7820119296327441,0.21115025993969533,0.5174266530590796
3664,Equifax Inc.,Cybersecurity & identity,0.5012364874441346,,0.18472531334192338,0.7270524370931729
3680,Firefly,Advertising & attention,,-4.613786383031036,-6.06868061402683,0.055073825730860004
3681,Zymeworks,GovTech / RegTech / MedTech,,-0.13427739944735667,-1.2236252943911345,0.5486796695336936
3689,Kimball Electronics,Enterprise / ERP / HRM,0.5645314277272462,3.6545454545454548,0.05395043477938698,0.7480227568644954
3691,Advent Services,Cybersecurity & identity,,-23.8045696508518,-4.584372370757682,0.15489758200638953
3749,Deluxe,Fintech & payments,0.46992288183928554,,0.09720823410083065,0.7049435873749252
3807,Roivant Sciences,GovTech / RegTech / MedTech,,-1.8574401733683947,-25.781585302479137,0.07713501066763911
3833,Limitless Management Group,Advertising & attention,2.555489517915284,,-1.1904761904761905,0.8998396923501845
3851,Dow,Enterprise / ERP / HRM,0.034910297174526095,8.106770833333334,0.12943838008138667,0.6288232304902088
3861,Raymond James,Fintech & payments,0.16261280638463682,,0.10822722820763957,0.5381144489183516
3863,Telos Media,Subscription content,0.2462319886342874,0.4400758267218985,0.11355225687518056,0.5275740576606623
3865,Cognition,AI assistants & copilots,,-0.28459703251756985,,0.31971368951293055
3922,State Street,Enterprise / ERP / HRM,0.026624293157645695,,0.4731021867464871,0.4850426929282436
3931,Quanta Services,Enterprise / ERP / HRM,0.20567978440090529,,0.04056566714275028,0.5576828336062517
3937,Eversource Energy,GovTech / RegTech / MedTech,0.07520825545593834,,0.20177561038077327,0.495877174101467
3940,Inari Medical,GovTech / RegTech / MedTech,,-0.03549463167972856,-0.00641724423965123,0.6357355766057825
4002,Palantir Technologies,AI foundation models,0.3375792617318869,-0.13666793950625503,-0.06552134751070272,0.5369931442284798
4003,C3.ai,AI foundation models,,-0.7544464189371933,-0.36139722999457113,0.5740497863096912
4004,AppLovin,AI foundation models,,1.110674558205074,0.15006182213031,0.7065406380884461
4005,BigBear.ai,AI foundation models,,37.46363636363636,-0.039956920872960044,0.9605218499717227
4006,Veritone,AI foundation models,0.1912676796320858,0.08573263896854712,0.02483191238649754,0.49184586718543655
4007,Pegasystems,AI foundation models,,0.075882710659795,,0.3576317052806947
4008,UiPath,AI foundation models,,-0.1986683872087097,-0.06160031022625895,0.6234424340559974
4009,Cerence,AI foundation models,0.04308260606033354,0.6637726420986884,0.19212928286955488,0.4603114193756592
4010,SoundHound AI,AI foundation models,,-1.1182703031531989,,0.23202156028953674
4011,Recursion Pharmaceuticals,AI foundation models,,-0.9447766425367612,-13.521305740157356,0.12513547505948985
